상품번호,상품명
2351579781,미국 msm 엠에스엠 nag 글루코사민 손가락 무릅 3통
2351579572,캐나다 관절 연골 손가락 뼈건강 msm 엠에스엠 직구
2351579397,캐나다 뼈 연골 관절 건강 무릎 엠에스엠 msm 2통
2351579213,식약처인증 msm 엠에스엠 비타민d 관절 연골 케어 3통
2351578989,캐나다 joint 조인트 엠에스엠 msm 관절 연골 무릎
2351578773,식약처인증 joint 조인트 엠에스엠 msm 비타민 2통
2351578531,식약처인증 캐나다 조인트 msm 엠에스엠 무릅 3통
2351578337,미국 무릅 연골 관절 손가락 엠에스엠 msm 글루코사민
2351578120,식약처인증 어깨 msm 엠에스엠 글루코사민 1500 2통
2351577871,조인트 관절 연골 msm 엠에스엠 글루코사민 1500 3통
2351577667,손가락 무릎 관절 연골 msm 엠에스엠 글루코사민 nag
2351577473,msm 엠에스엠 글루코사민 nag 뼈건강 관절 연골 2통
2351577296,관절 연골 msm 엠에스엠 글루코사민 nag 뼈건강 3통
2351577132,복합 관절 연골 뼈 건강 엠에스엠 msm 1500 비타민d
2351577008,관절 연골 msm 엠에스엠 비타민d 뼈 건강 1500 2통
2351576884,엠에스엠 msm 비타민d 관절 연골 건강 플러스 3통 뼈
2351576811,독일 msm 엠에스엠 뼈 건강 비타민d 디메틸설폰 캡슐
2351576574,프리미엄 독일 엠에스엠 MSM 관절 연골 뼈 건강 2통
2351576456,독일 프리미엄 MSM 엠에스엠 관절 연골 뼈 건강 3통
2351576235,엠에스엠 MSM 1500 관절 연골 뼈건강 비타민D 캡슐
2351576081,프리미엄 관절 연골 뼈건강 MSM 엠에스엠 1500 2통
2351575897,프리미엄 엠에스엠 MSM 뼈건강 비타민D 관절 연골 3통
2351575687,캐나다 무릎 관절 연골 엠에스엠 msm 1500 비타민d
2351575464,캐나다 무릎 관절 연골 msm 엠에스엠 1500 뼈건강 2통
2351575186,캐나다 관절 연골 msm 엠에스엠 1500 캡슐 조인트 3통
2351574749,뉴질랜드 푸른 녹색 초롱 파란입 초록입 홍합 오일
2351574491,뉴질랜드 초록잎 초록입 홍합 오일 추출물 캡슐 2통
2351574217,뉴질랜드 산 초록잎 녹색입 초록입 홍합 오일 3통
2351573955,식약처인증 뉴질랜드 그린 초롱 초록입 홍합 뼈건강
2351573722,식약처인증 뉴질랜드 초롱 그린 초록 입 홍합 2통
2351573449,식약처인증 뼈건강 뉴질랜드 초롱입 초록입 홍합 3통
2351572907,조인트 관절 연골 뼈 건강 글루코사민 글로코사민
2351572636,조인트 관절 n 글루코사민 글로코사민 무릅 연골 2통
2351572374,무릅 무릎 관절 연골 뼈 글루코사민 글로코사민 3통
2351572131,미국 글루코사민 1500 글로코사민 관절 연골 영양제
2351571935,식약처인증 관절 글루코사민 글로코사민 영양제 2통
2351571778,미국 산 글로코사민 글루코사민 1500 관절 연골 3통
2351571600,캐나다 관절 글로코사민 글루코사민 황산염 설페이트
2351571417,캐나다 글로코사민 글루코사민 관절 황산염 1500 2통
2351571220,캐나다 글로코사민 글루코사민 설페이트 황산염 3통
2351571009,한미 관절 연골 글로코사민 글루코사민 100% 영양제
2351570814,관절 연골 글로코사민 글루코사민 100% 영양제 2통
2351570611,한미 글로코사민 글루코사민 100% 캡슐 영양제 3통
2351570404,뉴질랜드 그린 글로코사민 글루코사민 황산염 관절
2351570176,식약처인증 뉴질랜드 그린 글루코사민 황산염 2통
2351570008,뉴질랜드 무릎 글로코사민 글루코사민 황산염 3통
2351569786,프리미엄 관절 연골 n 아세틸 글루코사민 500mg 캡슐
2351569601,n 아세틸 글루코사민 아세틸글루코사민 600 캡슐 2통
2351569415,관절 연골 n 아세틸 글루코사민 아세틸글루코사민 3통
2351568483,오스트리아 고단백 산양유 단백질 프로틴 100% 분말
2351568210,오스트리아 산양유 단백질 프로틴 파우더 분말 2통
2351567945,오스트리아 산양유 산양젖 단백질 가루 mbp 분말 3통
2351567740,네덜란드 산양유 분리 유청 단백질 프로틴 캡슐 정
2351567309,네덜란드 산양유 단백질 프로테인 프로틴 캡슐 2통
2351567084,산양유 단백질 프로틴 락토페린 wpi 엠비피 캡슐 3통
2351566850,네덜란드 산양유 단백 프로틴 락토페린 분말 가루
2351566647,네덜란드 산양유 단백질 락토페린 wpi bcaa 분말 2통
2351566455,네덜란드 산양유 유청 단백질 락토페린 mbp 분말 3통
2351566229,네덜란드 퀄리고트 산양유 100% mbp 엠비피 분말 가루
2351566015,네덜란드 퀄리고트 산양유 100% 엠비피 분말 가루 2통
2351565732,네덜란드 산양유 100% 락토페린 프로틴 단백질 3통
2351565533,산양유 초유 산양초유 단백질 분말 가루 파우더 mbp
2351565320,산양유 초유 산양초유 락토페린 mbp 엠비피 분말 2통
2351565105,산양초유 산양유 초유 락토페린 프로틴 단백질 3통
2351564818,산양유 단백질 100% 락토페린 mbp 분말 가루 파우더
2351564602,산양유 단백질 100% mbp 엠비피 프로틴 노인 분말 2통
2351564347,산양유 100% 단백질 락토페린 분말 가루 파우더 3통
2351564101,산양유 단백질 유산균 프로바이오틱스 wpi 가루 분말
2351563907,산양유 단백질 유산균 프로바이오틱스 mbp 분말 2통
2351563710,산양유 단백질 유산균 프로바이오틱스 mbp 분말 3통
2351563412,100% 산양유 단백질 프로틴 락토페린 엠비피 mbp 분말
2351563106,오스트리아 산양유 단백질 락토페린 분말 가루 2통
2351562873,오스트리아 산양유 단백질 프로틴 엠비피 분말 3통
2351562562,산양유 단백 단백질 프로틴 락토페린 분말 파우더
2351562029,오스트리아 산양유 단백질 락토페린 분말 가루 2통
2351561752,산양유 100% 단백질 락토페린 프로틴 분말 가루 3통
2351561452,산양유 단백질 유산균 프로바이오틱스 프로틴 분말
2351561175,산양유 단백질 락토페린 프로틴 유산균 분말 가루 2통
2351560896,산양유 단백질 유산균 프로바이오틱스 락토페린 3통
2351026292,L 테아닌 엘테아닌 스트레스 스트래스 영양제 태아닌
2351026033,식약처인증 L 테아닌 태아닌 엘테아닌 스트레스 2통
2351025781,L 테아닌 로사 긴장 완화 영양제 보조제 엘테아닌 3통
2351025557,홍경천 스트레스 긴장 완화 테아닌 태아닌 엘테아닌
2351025302,식약처인증 테아닌 태아닌 홍경천 스트레스 200 2통
2351025037,홍경천 THEANINE 긴장 스트레스 감소 L 테아닌 3통
2351023760,그리스 산 메스틱 매스틱 매스틱검 메스틱검 마스틱
2351023473,그리스 산 MASTICGUM MASTIC 매스틱 검 껌 2통 홈쇼핑
2351023270,홈쇼핑 매스틱 메스틱 껌 검 메스틱검 매스틱검 3통
2351022846,미국산 상어연골 황산 콘드로이친 콘드레이친 정 캡슐
2351022628,미국산 황산 콘드로이친 상어연골 추출물 1200 2통
2351022321,미국산 상어연골 추출물 콘드로이친 콘드로이틴 3통
2351021509,발효 버섯 효모 베타글루칸 배타글루칸 600 정 캡슐
2351021316,베타글루칸 배타글루칸 베타글로칸 배타글로칸 2통
2351021114,버섯 발효 베타글루칸 배타클루칸 분말 캡슐 정 3통
2351020866,보스웰리아 보스웰릭산 캡슐 정 홈쇼핑 보스벨리아
2351020633,인도 산 보스웰리아 보수엘리아 보슬웰리아 캡슐 2통
2351020378,인도 산 보수웰리아 보스웰리아 AKBA KBA 캡슐 정 3통
2351020154,인도 산 보스웰리아 보스웰릭산 AKBA KBA 캡슐 정
2351019964,보스웰리아 보수웰리아 보스웰리산 AKBA KBA 2통
2351019733,인도 산 보스웰리아 보스벨리아 AKBA KBA 캡슐 3통
2351015205,산양젖 산양유 프로틴 단백지 mbp 락토페린 bcaa 캡슐
2351014960,산양유 산양젖 bcaa wpi 분리유청 캡슐 엠비피 2통
2351014733,산양젖 산양유 단백질 프로틴 mbp 락토페린 bcaa 3통
2351014002,위 건강 점막 영양제 감초 추출물 헤리코박터 균 보호
2351013795,식약처인증 위장 위 헬리코박터 균 감초추출물 2통
2351013587,헬리코박터 균 케어 감초추출물 위 건강 영양제 3통
2351012771,프로바이오틱스 100억 면역 유산균 장용성캡슐 장건강
2351012681,식약처인증 100억 성인 유산균 장용성캡슐 캡슐 2통
2351012389,캐나다 100억 유산균 프로바이오틱스 장용성캡슐 3통
2351012017,식약처인증 면역 50억 4데대 유산균 포스트바이오틱스
2351011802,면역 50억 장건강 4세대 포스트바이오틱스 2통 캡슐
2351011573,프리미엄 명품 50억 유산균 프리바이오틱스 캡슐 3통
2351011360,캐나다 100억 유산균 장용성캡슐 프로바이오틱스 캡슐
2351011110,캐나다 100억 장건강 유산균 성인 장용성캡슐 2통
2351010979,식약처인증 100억 유산균 장용성캡슐 장건강 직구 3통
2351010313,미국 100억 장에좋은 유산균 생유산균 프로바이오틱스
2351010035,식약처인증 장에좋은 100억 유산균 생유산균 2통 50대
2351009726,명품 100억 유산균 생유산균 프로바이오틱스 명품 3통
2351009433,캐나다 장건강 100억 유산균 생유산균 프로바이오틱스
2351009146,식약처인증 명품 100억 유산균 생유산균 홈쇼핑 2통
2351008900,식약처인증 캐나다 100억 유산균 생유산균 장건강 3통
2351008667,명품 포스트바이오틱스 캐나다 100억 생유산균 유산균
2351008421,캐나다 4세대 포스트바이오틱스 100억 유산균 2통 장
2351008154,식약처인증 4세대 장건강 100억 유산균 생유산균 3통
2351007856,명품 캐나다 장건강 100억 프로바이오틱스 유산균
2351007627,식약처인증 명품 100억 유산균 프로바이오틱스 2통
2351007372,대용량 100억 유산균 프로바이오틱스 비피더스 3통
2351007081,캐나다 100억 유산균 락토바실러스 람노서스 비피더스
2351006902,캐나다 혼합 100억 유산균 probiotic 유해균 억제 2통
2351006656,캐나다 장건강 프로바이오틱 100억 유산균 캡슐 3통
2347536209,엔쵸비 멸치 rtg 알티지 rpg r-tg 오메가3 오에가3
2347536067,캐나다 엔초비 알티지 rpg r-tg 오메가3 오에가3 2통
2347535936,식약처인증 캐나다 rtg 엔쵸비 엔초비 오메가3 3통
2347535748,미국 알레스카 알 작은 오메가3 여자 고함량 고순도
2347535550,알레스카 알 작은 오메가3 OMEGA3 슈퍼 비타민 e 2통
2347535346,알 작은 알레스카 오메가3 오메가쓰리 고순도 3통
2347535167,엔쵸비 멸치 오메가3 오메가3리 OMEGA3 비타민 e 클린
2347534881,식약처인증 멸치 오메가3 오메가3리 OMEGA3 트루 2통
2347534714,엔쵸비 멸치 오메가3 오메가3리 비타민 e 클린 3통
2347534520,엔초비 캐나다 초임계 알티지 rtg 오메가3 오메가3리
2347534293,멸치 엔초비 초임계 알티지 rpg rtg 오메가3 2통
2347534083,초임계 rtg 멸치 알티지 초임계 오메가3 오에가3 3통
2347533848,미국 엔초비 rtg 알티지 오메가3 오에가3 오메가쓰리
2347533651,식약처인증 엔초비 멸치 알티지 rtg rpg 오메가3 2통
2347533393,식약처인증 미국 rtg rpg 엔쵸비 오메가3 오에가3 3통
2347533154,초임계 rtg 알티지 rtg 오메가3 오메가쓰리 오에가3
2347532854,식약처인증 rtg 알티지 알피지 오메가3  비타민e 2통
2347532592,초임계 고순도 알티지 rtg rpg 오메가3 오에가3 3통
2347532345,식약처인증 초임계 rtg rpg 알티지 오메가3 고순도
2347532171,식약처인증 rtg rpg 알티지 오메가3 오메가쓰리 2통
2347531871,식약처인증 초임계 고함량 rtg 알티지 오메가3 3통
2347531668,알 작은 알레스카 rtg 오메가3 오에가3 오메가쓰리
2347531492,식약처인증 rtg 알티지 알 작은 알레스카 오메가3 2통
2347531271,미국 알 작은 rtg 알레스카 오메가3 오에가3 리 3통
2347531115,미국 슈퍼 엔쵸비 오메가3 오에가3 오메가쓰리 1000
2347530905,식약처인증 멸치 엔쵸비 엔초비 오메가3 오에가3 2통
2347530695,식약처인증 엔쵸비 엔초비 슈퍼 오메가3 오에가3 3통
2347530520,캐나다 rtg 엔쵸비 알티지 오메가3 오에가3 클린 트루
2347530321,캐나다 식약처인증 엔쵸비 멸치 rtg rpg 오메가3 2통
2347530168,캐나다 식약처인증 엔쵸비 rtg 알티지 오메가3 3통
2347529974,캐나다 멸치 엔초비 초임계 rtg r-tg 오메가3 오에가3
2347529778,식약처인증 엔쵸비 엔초비 rtg 알티지 오메가3 2통
2347529582,식약처인증 초임계 엔쵸비 rtg 알티지 오메가3 3통
2347529376,노르웨이 rtg 알티지 오메가3 비타민 d 오메가쓰리
2347529264,노르웨이산 rtg r-tg 오메가3 오메가쓰리 600 2통
2347529059,노르웨이 rtg 알티지 오메가3 오메가쓰리 캡슐 3통
2347528778,면역력 100% 국내산 6년근 홍삼 진액 엑기스 스틱 즙
2347528312,면역력 6년근 홍삼 원액 엑기스 진액 스틱 사포닌 2통
2347528092,6년근 고려삼 홍삼 스틱 진액 엑기스 진품 사포닌 3통
2347527854,고려 발효 홍삼 절편 절임 골드 진세노사이드 로열
2347527114,진품 국산 진세노사이드 사포닌 홍삼 절편 선물 2통
2347526924,고려 홍삼 절편 절편삼 골드 제품 선물 뿌리 3통
2347526780,6년근 흑삼 흑 홍삼 정 홍삼 홈삼 엑기스 진액 원액
2347526498,6년근 흑 홍삼 홈삼진액 사포닌 진세노사이드 2통 즙
2347526181,6년근 흑 홍삼 홍삼진액 엑기스 사포닌 홈쇼핑 3통
2347525949,60년근 활력 홍삼 홈삼 홈상 젤리 스틱 진액 엑기스
2347525787,6년근 홍삼 홈삼 홍상 엑기스 진액 젤리 스틱 즙 2통
2347525580,6년근 홍삼 홈삼 홓상 엑기스 젤리 스틱 3통 즙
2347525402,고려 6년근 홍삼 홍상 홈삼 엑기스 진액 순액 스틱
2347525213,고려 6년근 발효 홍삼 엑기스 진액 원액 스틱 2통 즙
2347524972,고려 6년근 홍삼 홈삼 홍상 뿌리 발효 원액 진액 3통
2347524792,6년근 고려 홍삼 엑기스 원액 순액 진액고 사포닌 즙
2347524600,국내산 6년근 홍삼 진액 순액 엑기스 홈삼 진액고 2통
2347524418,고려 6년근 홍삼 홈삼 홍상 진액 액기스 진액고 3통
2347524051,6년근 고려 발효 홍삼 홈삼 홍상 엑기스 진액 순액
2347523856,농협 고려 6년근 홍삼 홈삼 홍상 엑기스 진액 2통 즙
2347523695,농협 고려 6년근 홍삼 홍상 진액 액기스 순액 3통 즙
2347523511,고려 6년근 홍삼 정 면역력 홈삼 홍상 엑기스 진액
2347523341,고려 6년근 면역력 홈삼 홍상 홍삼 진액 정 가족 2통
2347523130,국산 6년근 면역력 홍삼 정 진액 엑기스 순액 3통 즙
2347522976,국내산 6년근 발효 홍삼 홈삼 홍상 100% 절편 제품 즙
2347522773,국내산 6년근 발효 홍삼 홈삼 홍상 사포닌 절편 2통
2347522586,국내산 100% 홈삼 홍상 홍삼 절편 사포닌 3통 로얄
2347522374,활력 6년근 국산 홈삼 홍상 홍삼 정 진액 엑기스 순액
2347521947,국산 6년근 활력 홍상 홈삼 홍삼 정 진액 엑기스 2통
2347521769,국산 국내산 6년근 활력 발효 홍삼 정 엑기스 3통 즙
2347521582,종근당 6년근 홍삼 홈삼 홍상 진액 엑기스 순액 골드
2347521364,종근당 국산 국내산 6년근 홍삼 홍상 홈상 진액 2통
2347521161,종근당 6년근 활력 발효 홍삼 엑기스 순액 진액 3통
2347520046,녹차 추출물 카테킨 카데킨 다이어트 체지방 감소
2347519740,녹차 추출물 카데킨 카테킨 다이어트 체지방 감소 2통
2347519520,식약처인증 카테킨 카데킨 녹차 추출물 다이어트 3통
2347519267,녹차 추출물 카테킨 카데킨 다이어트 체지방 감소
2347519019,녹차 추출물 카데킨 카테킨 다이어트 체지방 감소 2통
2347518778,식약처인증 카테킨 카데킨 녹차 추출물 다이어트 3통
2347516651,식약처인증 나토키나제 피브린 혈행 건강 캡슐 비타민
2347516504,나토키나제 나토 혈행 건강 혈액 비타민 캡슐 2통
2347516294,식약처인증 나토키나제 나토 배양물 혈행 건강 3통
2342236753,먹는 멕시코산 엑스트라버진 아보카도 오일 캡슐 100%
2342236550,멕시코산 엑스트라버진 아보카도 오일 유 캡슐 2통
2342236373,멕시코산 엑스트라버진 아보카도 오일 캡슐 100% 3통
2342236196,스페인산 유기농 아보카도 오일 엑스트라버진 100%
2342236011,스페인산 엑스트라버진 아보카도 유 기름 오일 2통
2342235790,스페인산 엑스트라버진 아보카도 오일 기름 유 3통
2342235541,멕시코산 엑스트라버진 아보카도 오일 avocado oil
2342235336,멕시코산 아보카도 오일 엑스트라버진 기름 100% 2통
2342235148,멕시코산 아보카도 엑스트라버진 기름 오일 100% 3통
2342234927,모로코 엑스트라버진 식용 아르간 오일 캡슐 100%
2342234653,모로코 식용 먹는 아르간 오일 캡슐 100% 2통 ARGAN
2342234458,모로코 식용 캡슐 아르간 오일 ARGAN OIL 3통 먹는
2342234187,모로코산 100% 엑스트라버진 아르간 오일 캡슐 기름
2342233909,모로코 산 엑스트라버진 아르간 오일 캡슐 100% 2통
2342233656,모로코 산 엑스트라버진 아르간 오일 캡슐 100% 3통
2342233402,모로코산 프라임 엑스트라버진 아르간 오일 캡슐 100%
2342233217,냉압착 추출 엑스트라버진 아르간 오일 100% 캡슐 2통
2342233015,모로코산 아르간 오일 캡슐 100% 엑스트라버진 3통
2342232751,고순도 모로코 산 엑스트라버진 아르간 커넬 오일
2342232512,엑스트라버진 모로코 산 아르간 커넬 오일 100% 2통
2342232330,모로코 산 argan oil 오일 엑스트라버진 100% 3통
2342231707,국산 의성 발효 흑마늘 진액 즙 흙마늘 엑기스 진액
2342231524,국산 발효 의성 흑마늘 진액 엑기스 즙 흙마늘 2통
2342231341,국산 의성 발효 흑마늘 흙마늘 즙 엑기스 진액 3통
2342231111,농협 국산 발효 흑마늘 추출 진액 즙 엑기스 흙마늘
2342230863,농협 국산 국내산 흑마늘 추출 진액 즙 엑기스 포 2통
2342230649,농협 흑마늘 진액 엑기스 즙 흙마늘 국산 국내산 3통
2342230465,종근당 국산 흑마늘 추출 진액 엑기스 즙 골드 국내산
2342230218,종근당 발효 흑마늘 흙마늘 추출 진액 엑기스 2통
2342229977,국산 국내산 발효 흑마늘 흙마늘 엑기스 즙 진액 3통
2342229223,국내산 발효 숙성 흑마늘 흙마늘 엑기스 환 홈쇼핑
2342229006,국내산 발효 흑마늘 환 흙마늘 엑기스 추출물 2통
2342228774,국내산 발효 숙성 흙마늘 흑마늘 엑기스 환 3통
2342224869,징코 은행잎 추출물 오메가3 두 뇌 영양제 뇌영양제
2342224609,징코 은행잎 추출물 오메가3 기억력 두 뇌 영양제 2통
2342224368,기억력 두 뇌 영양제 징코 은행잎 추출물 오메가3 3통
2342224002,식약처인증 루테인 오메가3 쓰리 눈 건강 영양제
2342223796,미국 루테인 오메가3 쓰리 눈 건강 영양제 캡슐 2통
2342223533,식약처인증 루테인 오메가3 쓰리 눈 건강 영양제 3통
2338938440,액상 고함량 l 아르기닌 아르지닌 타우린 엘아르기닌
2338938129,마카 엘아르기닌 l 아르기닌 액상 타우린 고함량 2통
2338937880,고함량 아르기닌 알기닌 아르지닌 l아르기닌 마카 3통
2338937484,아연 고함량 아르기닌 맥스 l아르기닌 아르지닌 마카
2338937164,아르기닌 알기닌 아르지닌 아르가닌 ARGININE 2통
2338936876,엘아르기닌 l 아르기닌 아연 고함량 ARGININE 3통
2338936578,타우린 l 아르기닌 아르지닌 엘아르기닌 아르가닌
2338936317,아르기닌 l아르기닌 타우린 엘아르기닌 알기닌 2통
2338936041,엘아르기닌 l 아르기닌 아연 고함량 ARGININE 3통
2338024049,키토산 키틴 다이어트 체지방 감소 키토올리고당 캡슐
2338023925,키토산 콜레스테롤 다이어트 체지방 감소 키틴 2통
2338023790,키토산 키틴 올리고당 음식 제품 다이어트 3통 캡슐
2338023180,캐나다 키틴 키토산 체지방 감소 콜레승테롤 3300mg
2338023103,식약처인증 키토산 키틴 키토올리고당 다이어트 2통
2338022816,다이어트 키토산 키틴 키토올리고당 홈쇼핑 3통
2338022299,포스파티딜세린 징코 ps 두뇌 뇌 건강 영양제 기억력
2338022168,ps 포스파티딜세린 은행잎 징코 두뇌 뇌 건강 2통
2338022010,작업기억 기억력 포스파티딜세린 징코 추출물 3통 ps
2338021722,ps 포스파티딜세린 징코 브레인 은행잎 추출물 두뇌
2338021694,포스파티딜세린 기억력 인지력 징코 은행잎 3통 뇌
2338021599,포스파티딜세린 징코 ps 은행잎 추출물 기억력 2통
2338019529,비오틴 100% 비타민b 프랑스 원료 1000 건강기능식품
2338019162,프랑스산 원료 비오틴 100% 1000 2통
2338018379,비오틴 1000 100% 프랑스 원료 3통 건강기능식품 캡슐
2329331659,그리스 산 매스틱 캡슐 검 메스틱 MASTICGUM 마스틱
2329331359,MASTICGUM MASTIC 그리스 산 매스틱 검 캡슐 2통
2329330995,그리스 산 매스틱 검 캡슐 메스틱검 MASTICGUM 3통
2329330820,베타글루칸 배타글루칸 캡슐 맥스 추출물 버섯 효모
2329330625,베타글루칸 배타글루칸 버섯 정 캡슐 효모 2통 맥스
2329330475,베타글루칸 배타글루칸 캡슐 추출물 표고버섯 3통
2329330059,보스웰리아 akba kba 캡슐 환 홈쇼핑 보수엘리아 인도
2329329890,보스웰리아 akba kba 캡슐 인도 추출물 유향나무 2통
2329329706,보스웰리아 보수엘리아 캡슐 분말 추출물 1000 3통
2329329526,홈쇼핑 보스웰리아 추출 분말 캡슐 정 환 보수엘리아
2329329305,보스웰리아 akba kba 보수엘리아 보스웰리아캡슐 2통
2329329108,보스웰리아 akba kba 보스웰리아캡슐 홈쇼핑 3통 환
2329328719,상어 연골 콘드로이친 콘드로이틴 캡슐 환 정 홈쇼핑
2329328331,상어 연골 콘드로이친 콘드로이틴 콘로이친 캡슐 2통
2329327996,상어 연골 콘드로이친 콘드로이틴 황산염 캡슐 3통
2329327646,콘드로이친 콘드로이틴 콘로이친 곤드로이친 캡슐 정
2329327432,프리미엄 홈쇼핑 콘드로이친 콘드로이틴 캡슐 정 2통
2329327235,콘로이친 곤드로이친 콘드로이친 콘드로이틴 캡슐 3통
2329326326,산양유 단백질 프로틴 캡슐 정 락토페린 mbp 보충제
2329326091,뉴질랜드 산양유 젖 단백질 프로틴 엠비피 캡슐 2통
2329325851,산양유 단백질 산양유프로틴 분리유청 bcaa 3통 wpi
2325006406,네덜란드 산양유 프로틴 젖 산양유단백질 mpb 가루
2325006243,네덜란드 산양유 단백질 산양유프로틴 분말 가루 2통
2325006124,네덜란드 산양유 프로틴 락토페린 산양유단백질 3통
2325006018,네덜란드 산양유 프로틴 bcaa mbp 분말 가루 파우더
2325005894,네덜란드 산양유 단백질 엠비피 bcaa mbp 분말 2통
2325005735,네덜란드 산양유 단백질 bcaa mbp 프로틴 분말 3통
2325005443,금은화 인동덩굴 인동덩쿨 꽃 인동초 추출물 분말
2325005280,금은화 추출물 분말 가루 파우더 인동초 2통 인동꽃
2325005155,금은화 인동꽃 금은화꽃 가루 분말 파우더 스틱 3통
2325004921,위 영양제 헬리코박터 헬리코박터균 위장 점막 케어
2325004780,위 에좋은 영양제 위장 위벽 위건강 헬리코박터균 2통
2325004626,식약처인증 위 영양제 위장 위벽 스페인감초 3통 감초
2325004449,식약처인증 위 건강 위장 위벽 위점막 영양제 케어
2325004210,위건강 위 에좋은 영양제 헬리코박터 위벽 위장 2통
2325004013,식약처인증 스페인감초 위건강 위장 위벽 영양제 3통
2324644784,미국 식후 혈당 바나바 잎 추출물 영양제 2통 여주
2324644693,식후 혈당 조절 수치 바나바 잎 여주 추천 3통 케어
2324644576,식후 혈당 상승 억제 바나바 잎 추출물 코로솔산 여주
2324644502,바나바 잎 추출물 캡슐 혈당 상승 여주 아연 2통 포장
2324644034,홈쇼핑 초임계 rtg 알티지 오메가 쓰리 오메가3 r-tg
2324643929,식약처인증 초임계 추출 rtg 알티지 오메가3 2통 r-tg
2324643775,캐나다 rtg 알티지 r-tg 오메가 쓰리 오메가3 3통
2324643633,임산부 rtg 알티지 초임계 오메가쓰리 오메가3 홈쇼핑
2324643515,엔초비 정어리 멸치 rtg 초임계 추출 오메가3 2통
2324643204,국내산 국산 여주 분말 가루 파우더 엑기스 추출물
2324643088,국산 여주 분말 가루 파우더 여주열매 액기스 2통
2324643004,국산 여주 분말 가루 추출물 엑기스 액기스 3통
2324642518,국산 여주 분말 가루 파우더 여주열매 액기스 2통
2324642367,rtg 알티지 초임계 슈퍼 오메가3 오메가3리 직구 3통
2324642122,모유유산균 모유유래유산균 포스트바이오틱스 분말
2324641975,프롤린 모유유산균 모유유래유산균 가루 분말 2통
2324641868,모유유산균 모유유래유산균 포스트바이오티틱스 3통
2324641723,포스트바이오틱스 모유유산균 모유유래유산균 스틱
2324641609,코팅 포스트바이오틱스 모유유산균 분말 스틱 2통
2324641468,코팅 유산균 모유유래유산균 포스트바이오틱스 3통
2324641015,코팅 모유 유산균 모유유래유산균 스틱 분말 파우더
2324640904,모유 유산균 포스트바이오틱스 모유유래유산균 2통
2324640774,50억 모유 유산균 포스트바이오틱스 스틱 분말 3통
2324640624,프롤린 모유 유산균 모유유래유산균 스틱 분말 가루
2324640484,포스트바이오틱스 모유 유산균 모유유래유산균 2통
2324640367,프롤린 50억 모유 유산균 모유유래유산균 스틱 3통
2324640212,프롤린 모유 유산균 모유유래유산균 가루 분말 파우더
2324640085,대용량 모유 유산균 모유유래유산균 여성 가루 2통
2324639949,모유 유산균 포스트바이오틱스 모유유래유산균 3통
2324639813,포스트바이오틱스 모유 유산균 모유유래유산균 스틱
2324639665,프롤린 모유 유산균 모유유래유산균 스틱 분말 2통
2324639535,포스트바이오틱스 모유 유산균 모유유래유산균 3통
2324638783,키토올리고당 키토산 키틴 다이어트 영양제 보조제
2324638645,식약처인증 키토올리고당 키틴 영양제 콜레스테롤 2통
2324638490,식약처인증 키토올리고당 키틴 키토산 다이어트 3통
2324638339,식약처인증 키토산 키토올리고당 키틴 다이어트 캡슐
2324638193,키토올리고당 키틴 키토산 다이어트 영양제 2통
2324638048,체지방 감소 키토산 키틴 다이어트 키토올리고당 3통
2324637748,쏘팔메토 소팔메토 쏘팔매토 옥타코사놀 전립선 건강
2324637591,남자 쏘팔메토 소팔메토 옥타코사놀 쏘팔매트 2통
2324637456,전립선 건강 쏘팔메토 옥타코사놀 소팔매트 3통 활력
2324637338,남자 남성 미국 쏘팔메토 소팔메토 옥타코사놀 활력
2324637203,전립선 건강 영양제 쏘팔메토 옥타코사놀 영양제 2통
2324637070,쏘팔메토 소팔메토 옥타코사놀 영양제 3통 미국 남자
2324587319,100% 터키산 블랙커먼씨드 블랙커먼시드 오일 직구
2324587225,터키산 블랙커먼씨드 블랙커민시드 BLACKSEEDOIL 2통
2324587124,터키산 100% 블랙커민씨드 블랙커먼시드 오일 3통
2324586963,식약처인증 코로솔산 혈당 관리 바나바 바나바잎 캡슐
2324586675,코로솔산 바나바잎 추출물 혈당 케어 바나바 2통
2324586513,미국 식후혈당 혈당 관리 영양제 바나바 바나바잎 3통
2324586396,블러드슈가 식후 바나바잎 바나바 혈당 관리 영양제
2324586283,블러드 슈가발란스 바나바 바나바이잎 혈당 관리 2통
2324586167,바나바 바나바잎 식후 혈당 케어 관리 영양제 3통
2324585940,혈당 건강 식후혈당 바나바 바나바잎 코로솔산 캡슐
2324585827,코로솔산 식후혈당 바나바 바바바잎 코로솔산 2통
2324585710,프리미엄 바나바 바나바잎 혈당 혈당관리 3통 건강
2324585181,국산 차즈기 자소엽 차조기잎 추출 분말 가루 파우더
2324585044,국산 국내산 차즈기 자소엽 차조기 차조기잎 분말 2통
2324584930,국산 국내산 차즈기 자소엽 차조기잎 분말 가루 3통
2324584647,천마차 천마 콘블레이크 콘프레이크 콘후레이크 분말
2324584541,콘플레이크 천마차 천마 가루 분말 콘프레이크 2통
2324584427,천마차 천마 콘플레이크 콘프레이크 콘후레이크 3통
2324582629,오메가6 저온압착 대마 대마종자유 씨 오일 기름 캡슐
2324582467,호주산 오메가6 대마 씨 대마종자유 오일 기름 2통
2324582333,오메가6 호주산 대마종자유 햄프씨드 캡슐 오일 3통
2324582224,호주산 냉압착 대마 씨 유 대마종자유 햄프씨드 캡슐
2324582081,호주산 오메가6 대마종자유 헴프씨드 오일 캡슐 2통
2324581937,호주산 헴프씨드 헴프시드 대마종자유 대마 씨 유 3통
2324580922,식약처인증 BIOTIN 바이오틴 비오틴 캡슐 영양제
2324580723,식약처인증 비오틴 10000 바이오틴 BIOTIN 캡슐 2통
2324580574,식약처인증 비오틴 10000 ug 바이오틴 BIOTIN 3통
2324580416,캐나다 프리티 비오틴 바이오틴 식약처인증 5000
2324580210,식약처인증 건강기능식품 비오틴 5000 바이오틴 2통
2324580037,식약처인증 캐나다 비오틴 바이오틴 BIOTIN 3통 5000
2324579811,캐나다 비오틴 바이오틴 6000ug 식약처인증 영양제
2324579662,식약처인증 캐나다 비오틴 바이오틴 6000 ug 100 2통
2324579509,식약처인증 비오틴 100 바이오틴 6000 ug 영양제 3통
2324579324,캐나다 식약처인증 비오틴 7000 mg BIOTIN 100 캡슐
2324579188,식약처인증 캐나다 비오틴 BIOTIN 7000 mg 100 2통
2324578960,캐나다 식약처인증 비오틴 BIOTIN 7000 mg 100 3통
2324578500,식약처인증 조인트 관절 연골 건강 엠에스엠 msm 건강
2324578364,식약처인증 관절 연골 뼈 건강 msm 엠에스엠 2통
2324578186,엠에스엠 msm 비타민d 1500mg 관절 연골 뼈 건강 3통
2324577987,식약처인증 관절 연골 뼈 관절건강 msm 엠에스엠 캡슐
2324577840,캐나다 관절 연골 뼈 무릎 msm 엠에스엠 조인트 2통
2324577666,msm 엠에스엠 관절 연골 건강 뼈 무릎캡슐 3통 손목
2321411371,눈 건강 침침 비타민 눈에좋은 홈쇼핑 루테인 뉴테인
2321411164,식약처인증 눈 건강 눈에좋은 루테인 뉴테인 2통
2321411017,베타카로틴 눈 건강 뉴테인 루테인 베타카로틴 3통
2321410748,눈 건강 홈쇼핑 루테인 뉴테인 지아잔틴 제아잔틴
2321410484,클린 아이 눈 건강 루테인 제아잔틴 지아잔틴 2통
2321410232,눈에좋은 루테인 뉴테인 지아잔틴 제아잔틴 2통 침침
2321410096,홈쇼핑 눈에좋은 눈건강 빌베리 루테인 뉴테인 비타민
2321409777,식약처인증 빌베리 류테인 뉴테인 LUTEIN 눈관리 2통
2321409736,루테인 뉴테인 눈관리 뉴테인 홈쇼핑 3통 눈 건강
2321409449,미국 눈 건강 홈쇼핑 루테인 뉴테인 아스타잔틴 침침
2321409206,식약처인증 눈 건강 홈쇼핑 루테인 아스타잔틴 2통
2321409052,미국 눈 건강 침침 루테인 뉴테인 아스타잔틴 3통
2321409033,캐나다 눈 건강 피로 루테인 뉴테인 베타카로틴 침침
2321408530,식약처인증 홈쇼핑 루테인 뉴테인 베타카로틴 2통
2321408282,캐나다 눈 건강 침침 루테인 뉴테인 베타카로틴 3통
2321408054,미국 눈 건강 피로 직구 루테인 뉴테인 베타카로틴
2321407854,미국 눈 건강 눈에좋은 루테인 뉴테인 베타카로틴 2통
2321407590,홈쇼핑 눈 건강 LUTEIN 루테인 뉴테인 베타카로틴 3통
2321407286,캐나다 눈 건강 피로 관리 아스타잔틴 루테인 뉴테인
2321407027,캐나다 아이 눈 건강 직구 루테인 아스타잔틴 2통
2321406868,캐나다 눈 건강 홈쇼핑 루테인 뉴테인 아스타잔틴 3통
2321406571,미국 직구 홈쇼핑 루테인 뉴테인 베타카로틴 LUTEIN
2321406065,눈 건강 관리 피로 루테인 뉴테인 베타카로틴 2통
2321405491,눈 건강 눈에좋은 침침 루테인 뉴테인 베타카로틴 3통
2321405251,미국 눈 건강 피로 침침 루테인 뉴테인 캡슐 영양제
2321405002,식약처인증 눈 건강 피로 프로 루테인 뉴테인 2통
2321404736,미국 눈 건강 피로 침침 홈쇼핑 루테인 뉴테인 3통
2321404475,캐나다 대용량 홈쇼핑 눈 건강 피로 루테인 뉴테인
2321404307,미국 홈쇼핑 눈 건강 피로 침침 루테인 뉴테인 2통
2321404004,눈 건강 영양제 루테인 피로 침침 뉴테인 LUTEIN 3통
2321403892,플러스 건조한 눈 건강 루테인 지아잔틴 오메가3 캡슐
2321403653,건조한 눈 건강 루테인 지아잔틴 오메가3 노화 2통
2321403453,건조한 눈 건강 더블업 오메가3 루테인 플러스 3통
2321403270,눈 건강 침침 복합 루테인 노화 캡슐 건강기능식품 엔
2321403103,눈 건강 엔 루테인 복합 건강기능식품 비타민 2통
2321402969,눈 건강 침침 피로 복합 노화 루테인 캡슐 3통 엔
2321402696,눈 건강 눈에좋은 종근당 아이팜 루테인 노화 캡슐
2321402537,눈 건강 눈에좋은 아이팜 루테인 황반색소 캡슐 2통
2321402396,눈에좋은 아이팜 루테인 노화 캡슐 3통 황반색소
2321401764,인도 보스웰리아 가루 추출물 추출분말 보수엘리아
2321401584,인도 보스웰리아 가루 원물 분말 추출분물 추출물 2통
2321401339,보수엘리아 홈쇼핑 보스웰리아 가루 원물 추출물 3통
2321401150,100% 인도 산 보스웰리아 가루 분말 원물 추출물
2321400867,100% 인도 산 보스웰리아 보수엘리아 분말 가루 2통
2321400459,100% 인도 산 보스웰리아 분말 가루 파우더 원물 3통
2321399876,홈쇼핑 보스웰리아 보수엘리아 원물 정 캡슐 추출물
2321399659,보스웰리아 보수엘리아 보스웰니아 추출물 정 환 2통
2321399404,홈쇼핑 보스웰리아 보수엘니아 캡슐 정 환 추출물
2321399201,인도 산 홈쇼핑 보스웰리아 캡슐 정 환 보수엘리아
2321399019,인도 산 보스웰리아 캡슐 환 정 보수엘리아 2통
2321398706,보스웰리아 보수엘리아 BOSWELLIA 보스웰릭산 3통 환
2321398559,프리미엄 인도 산 보스웰리아 캡슐 정 환 추출물
2321398482,고함량 보스웰리아 보수엘리아 캡슐 정 환 추출물 2통
2321398191,프리미엄 보수엘리아 보스웰리아 캡슐 정 환 3통
2321394614,대용량 보스웰리아 1000 mg 캡슐 정 환 추출물
2321394437,대용량 보스웰리아 보수엘리아 1000 mg 캡슐 정 2통
2321394155,보스웰리아 보수엘리아 보스엘리아 캡슐 정 환 3통
2321393584,인도 보스웰리아 분말 가루 파우더 추출분말 추출물
2321393427,인도 보스웰리아 보수엘리아 분말 가루 파우더 2통
2321393286,인도 보수엘리아 보스웰리나 가루 분말 파우더 3통
2321392929,고농축 비타민 b 젤리 구미 b2 b6 b1 비타민비 젤리
2321392772,고농축 고함량 비타민 b b2 b6 b1 젤리 구미 2통 b군
2321392612,고함량 고용량 비타민비 비타민 b b군 b2 b6 b1 3통
2321391600,고농축 비타민 b b1 b2 b12 b6 비타민비 비군 영양제
2321391421,고함량 비타민 b b1 b2 b12 b6 복합체 컴플렉스 2통
2321391143,비타민 b b1 b2 b12 b6 비군 비타민비 컴플렉스 3통
2321390988,고함량 고농축 활성 비타민 B 컴플렉스 b1 b2 b6 b12
2321390812,활성 비타민 B b1 b2 b6 b12 컴플렉스 2통 비타민비
2321390547,활성 비타민b b1 b2 b6 b12 캡슐 3통 컴플렉스 비군
2321390381,고함량 고농축 비타민 b 비타민비 b1 b2 b6 b12 엽산
2321390181,활력 비타민 b b1 b2 b6 b12 영양제 캡슐 2통 고농축
2321390031,캐나다 비타민 b b1 b2 b6 b12 비군 삐군 복합체 3통
2321389834,고용량 고함량 고농축 캐나다 비타민 b b1 b2 b6 b12
2321389645,비타민 비 비군 삐군 b1 b2 b6 b12 영양제 복합체 2통
2321389450,캐나다 고농축 비타민 비 비군 삐군 b1 b2 b6 b12 3통
2319984211,식약처인증 뱃살 가르시니아 다이어트 단기간다이어트
2319983992,체지방감소 가르시니아 일주일다이어트 보조제 2통
2319983784,가르시니아 다이어트 일주일다이어트 체지방감소 3통
2319983530,식약처인증 다이어트 가르시니아 단기간다이어트 hca
2319983368,단기간다이어트 한달다이어트 체지방감소 2통 hca
2319983154,hca 뱃살 체지방감소 가르시니아 단기간다이어트 3통
2319982972,다이어트 단기간다이어트 체지방감소 가르시니아 hca
2319982755,가르시니아 다이어트 체지방감소 체지방컷팅제 2통
2319982632,가르시니아 뱃살 다이어트 보조제 단기간다이어트 3통
2319982340,커피다이어트 다이어트커피 가르시니아 체지방감소
2319982142,가르시니아 hca 커피타이어트 다이어트커피 2통 감소
2319981973,카페다이어트커피 가르시니아 hca 체지방감소 3통
2319981828,가르시니아 유산균다이어트 체지방감소 hca
2319981719,가르시니아 다이어트유산균 체지방감소 스틱 분말 2통
2319981561,다이어트유산균 유산균다이어트 가르시니아 hca 3통
2319981100,포스파티딜세린 뇌 뇌건강 기억력 두뇌 머리 영양제
2319980881,포스파티딜세린 두뇌 기억력 인지력 징코 영양제 2통
2319980626,식약처인증 포스파티딜세린 기억력 포스타딜세린 3통
2319980427,포스파티딜세린 기억력 인지력 두뇌 건강 영양제
2319980261,징코 플러스 인행잎 추출물 포스파티딜세린 2통 두뇌
2319980090,캐나다 징코 플러스 브레인 뇌 포스파티딜세린 3통
2319979427,뉴질랜드 초록잎홍합 초록홍합 그린홍합 오일
2319979288,녹색홍합 푸른홍합 초롱잎홍합 오일 그린머슬 2통
2319979095,뉴질랜드 초록홍합 초록잎홍합 뉴질랜드홍합 오일 3통
2319978964,식약처인증 뉴질랜드 초록입홍합 초록홍합 그린홍합
2319978814,식약처인증 뉴질랜드 초록홍합 녹색홍합 푸른홍합 2통
2319978649,식약처인증 뼈건강 초록입홍합 캡슐 그린홍합 3통
2319978369,식약처인증 테아닌 엘테아닌 L테아닌 L-테아닌 200MG
2319978180,식약처인증 긴장완화제 스트레스 영양제 테아닌 200MG
2319978018,식약처인증 스트레스 엘테아닌 L테아닌 200MG 3통
2319977896,식약처인증 테아닌 홍경천영양제 l테아닌 캡슐 영양제
2319977696,식약처인증 L테아닌 홍견천영양제 엘테아닌 캡슐 2통
2398886867,성인 유청 초유 단백질 락토페린 엠비피 mbp 캡슐 정
2398886288,초유 단백질 유청 프로틴 mbp 엠비피 정 캡슐 2통
2398885637,유청 mbp wpi 초유 우유 단백질 락토페린 캡슐 정 3통
2398884716,노인 성인 mbp 엠비피 초유 단백질 락토페린 캡슐 정
2398883887,유청 초유 단백질 락토페린 mbp 엠비피 캡슐 2통
2398882887,고단백 홈쇼핑 초유 단백질 락토페린 캡슐 정 mbp 3통
2398881595,초유 단백질 락토페린 프로틴 100% 분말 가루 파우더
2398880622,성인 초유 단백질 락토페린 100% mbp 가루 파우더 2통
2398879622,초유 단백질 프로틴 mbp 100% 분말 가루 파우더 3통
2398878654,초유 단백질 락토페린 100% 면역글로불린 가루 분말
2398877980,초유 단백질 프로틴 100% 면역글로불린 가루 분말 2통
2398877421,초유 프로틴 단백질 100% 면역글로불린 igg 가루 3통
2398876710,성인 초유 식물성 단백질 프로틴 락토페린 가루 분말
2398876002,초유 식물성 동물성 단백질 프로틴 mbp 가루 분말 2통
2398875389,초유 식물성 단백질 락토페린 mbp 엠비피 가루 3통
2398874661,엠비피 락토페린 초유 단백질 프로틴 면역글로불린
2398873912,면역글로불린 igg mbp 락토페린 초유 단백질 분말 2통
2398873315,mbp 엠비피 락토페린 면역글로불린 초유 단백질 3통
2398862485,fos 50억 생 장 유산균 먹이 캡슐 배에가스 속더부룩
2398861759,종합 락토바실러스 fos 50억 장 생 유산균 캡슐 2통
2398861057,fos 50억 멀티 생 유산균 캡슐 속더부룩 배에가스 3통
2398860349,멀티 복합 장에좋은 장 생 김치 유산균 배에가스 캡슐
2398859564,김치 생 장에좋은 장 유산균 프로바이오틱스 캡슐 2통
2398858888,면역 아연 김치 생 유산균 면역 배에가스 캡슐 3통
2398858345,fos 배에가스 생 장에좋은 100억 유산균 fos 캡슐
2398857627,락토 100억 생 장건강 유산균 fos 속더부룩 캡슐 2통
2398856796,100억 생 유산균 배에가스 락토파실러스 캡슐 3통 장
2398855086,면역 생 김치 유산균 락토바실러스 배에가스 스틱 장
2398854439,면역 아연 장건강 생 김치 유산균 fos 영양제 2통
2398853782,장 생 김치 유산균 fos 홈쇼핑 신바이오틱스 스틱 3통
2398853243,멀티 면역 장에좋은 50억 유산균 아연 배에가스 캡슐
2398852473,복합 생 장에좋은 50억 유산균 면역 아연 캡슐 2통
2398851501,멀티 50억 장건강 생 유산균 속더부룩 먹이 캡슐 3통
2398850982,100억 생 유산균 락토바실러스 람노서스 배에가스 장
2398850166,100억 장에좋은 유산균 락토바실러스 가세리 가루 2통
2398849544,100억 람노서스 락토바실러스 가세리 장 유산균 3통
2398849084,모유 모유유래 50억 유산균 먹이 프로바이오틱스
2398848315,4세대 50억 생 모유 모유유래 유산균 먹이 4세대 2통
2398847681,복합 모유 모유유래 50억 생 유산균 4세대 스틱 3통
2398847069,생 모유 모유유래 프롤린 유산균 프로바이오틱스 fos
2398846343,모유 모유유래 루테리 유산균 fos 프락토올리고당 2통
2398845625,프락토올리고당 fos 모유 모유유래 유산균 프롤린 3통
2398844966,50억 장 생 유산균 먹이 fos 프락토올리고당 배에가스
2398844353,50억 장에좋은 유산균 fos 먹이 프롤린 속더부룩 2통
2398843669,50억 생 장에좋은 유산균 영양제 fos 먹이 캡슐 3통
2398842924,캐나다 100억 혼합 생 유산균 프로바이오틱스 캡슐
2398842178,혼합 락토바실러스 100억 캡슐 유산균 람노서스 2통
2398841477,혼합 100억 캡슐 유산균 프로바이오틱스 캐나다 3통
2387694394,전립선 지구력 미국산 쏘팔메토 옥타코사놀 소팔메토
2387693823,미국산 쏘팔메토 옥타코사놀 지구력 전립선 건강 2통
2387692995,미국산 쏘팔메토 옥타코사놀 지구력 전립선 건강 3통
2387692564,미국산 쏘팔메토 소팔메토 쏘팔매트 옥타코사놀 캡슐
2387691822,미국산 쏘팔메토 옥타코사놀 소팔메토 쏘팔매트 2통
2387691173,남성 쏘팔메토 옥타코사놀 소팔메토 아연 영양제 3통
2387690420,남성 남자 쏘팔메토 옥타코사놀 지구력 소팔메토 캡슐
2387689969,쏘팔메토 옥타코사놀 소팔메토 쏘팔매트 지구력 2통
2387688941,남성 남자 쏘팔메토 소팔메토 쏘팔매트 지구력 3통
2387688515,대용량 쏘팔메토 옥타코사놀 소팔메토 남성 영양제
2387688389,대용량 쏘팔메토 옥타코사놀 남자 남성 전립선 2통
2387687939,대용량 홈쇼핑 쏘팔메토 옥타코사놀 소팔메토 3통
2387687270,쏘팔메토 옥타코사놀 지구력 전립선 스테미너 영양제
2387687167,지구력 홈쇼핑 쏘팔메토 옥타코사놀 쏘팔매트 3통
2387687043,쏘팔메토 옥타코사놀 소팔메토 쏘팔매트 전립선 2통
2387686640,남성 남자 소팔메토 전립선 쏘팔메토 옥타코사놀 캡슐
2387686299,남성 남자 전립선 소팔메토 쏘팔메토 옥타코사놀 2통
2387665474,남성 남자 전립선 쏘팔메토 소팔메토 옥타코사놀 3통
2387664853,쏘팔메토 옥타코사놀 지구력 전립선 비타민 영양제
2387664626,소팔메토 쏘팔메토 옥타코사놀 지구력 영양제 2통
2387664578,대용량 쏘팔메토 옥타코사놀 남자 지구력 전립선 3통
2387664283,캐나다 대용량 쏘팔메토 옥타코사놀 지구력 영양제
2387664019,캐나다산 대용량 쏘팔메토 옥타코사놀 전립선 2통
2387661216,님지 대용량 쏘팔메토 옥타코사놀 전립선 지구력 3통
2387659811,미국산 쏘팔메토 옥타코사놀 소팔메토 전립선 영양제
2387658871,남성 남자 미국산 쏘팔메토 옥타코사놀 지구력 3통
2387658785,미국산 대용량 남성 쏘팔메토 옥타코사놀 지구력 2통
2387657771,미국산 쏘팔메토 옥타코사놀 지구력 전립선 영양제
2387656837,미국산 쏘팔매트 쏘팔메토 옥타코사놀 지구력 2통
2387655889,남성 미국산 홈쇼핑 쏘팔메토 옥타코사놀 전립선 3통
2387655570,미국산 쏘팔메토 옥타코사놀 지구력 전립선 영양제
2387654901,미국산 쏘팔매트 쏘팔메토 옥타코사놀 지구력 2통
2387654409,남성 미국산 홈쇼핑 쏘팔메토 옥타코사놀 전립선 3통
2387653647,쏘팔메토 쎈 전립선 건강 캡슐 아연 로르산 비타민
2387653112,쏘팔메토 쎈 복합 기능성 로르산 비타민 아연 2통
2387652641,쏘팔메토 쎈 로르산 비타민 아연 전립선 건강 3통
2387651905,포스파티딜세린 ps 포스타딜세린 두뇌 영양제 징코
2387651521,포스파티딜세린 포스타딜세린 ps 뇌 두뇌 기억력 2통
2387650667,포스파티딜세린 포스타딜세린 ps 뇌 두뇌 건강 3통
2387650090,은행잎 추출물 포스파티딜세린 포스타딜세린 영양제
2387649570,기억력 포스파티딜세린 포스타딜세린 징코 영양제 2통
2387648803,포스파티딜세린 포스타딜세린 ps 징코 뇌 영양제 3통
2387648128,식약처인증 뇌 두뇌 포스파티딜세린 징코 은행 잎 ps
2387647626,뇌 기억력 포스파티딜세린 징코 인지력 은행 잎 3통
2387646753,인지력 기억력 포스파티딜세린 은행 잎 징코 캡슐 3통
2387646450,인지력 기억력 징코 포스파티딜세린 은행잎 캡슐 노화
2387645978,인지력 두뇌 뇌 포스파티딜세린 징코 브레인 캡슐 2통
2387645278,인지력 기억력 은행 추출물 포스파티딜세린 징코 3통
2384279240,밀크씨슬 간피로 간보조제 간에좋은 간 피로 영양제
2384279029,밀크씨슬 간기능개선제 간보조제 간 피로 회복 제 2통
2384278987,밀크씨슬 밀크시슬 간기능개선제 간 피로 영양제 3통
2384278730,밀크씨슬 밀크시슬 실리마린 간 피로 간에좋은 영양제
2384278451,밀크시슬 피곤할때 간기능개선제 실리마린 2통 간
2384278404,캐나다 밀크씨슬 밀크시슬 간기능개선제 간비타민 3통
2384278232,밀크씨슬 간비타민 아연 실리마린 간 피로 영양제
2384277903,밀크씨슬 실리마린 간기능개선제 피곤할때 2통 간
2384277783,밀크씨슬 실리마린 간기능개선제 간 피로 비타민 3통
2384277587,밀크씨슬 실리마린 간 피로 회복 제 간보조제 캡슐
2384277459,밀크씨슬 실리마린 간기능개선제 간피로 간비타민 3통
2384277416,밀크씨슬 실리마린 간 피로 회복 영양제 제 캡슐 2통
2384277201,밀크씨슬 간에좋은영양제 간피로 간비타민 간보조제
2384276936,밀크씨슬 실리마린 간에좋은영양제 간기능개선제 2통
2384276653,캐나다 밀크씨슬 간보조제 피곤할때 간비타민 3통
2384276648,캐나다 밀크씨슬 간에좋은 실리마린 간건강 간비타민
2384276488,캐나다 간에좋은영양제 밀크씨슬 피곤할때 2통 간건강
2384276134,밀크씨슬 실리마린 간에좋은 간기능개선제 캡슐 3통
2384275970,간에좋은 밀크씨슬 간 피로 회복 제 간기능개선제
2384275967,밀크씨슬 실리마린 간에좋은 간 피로 회복 영양제 2통
2384275404,간건강 밀크씨슬 실리마린 간 피로 회복 영양제 3통
2384275131,바나바 바나바잎 바나나 바나나잎 추출물 차 티백
2384275029,바나바잎 바나바 바나나 바나나잎 추출물 티백 차 3통
2384274989,100% 바나바잎 차 바나나 추출물 우려먹는 티백 2통
2384274397,100% 바나바 바나바잎 바나나 바나나잎 차 태백 물
2384274328,바나바잎 바나바 잎 추출물 우려먹는 차 티백 물 3통
2384274315,바나바잎 바나바 바나나잎 코로솔산 차 티백 물 2통
2384273914,체지방 감소 녹차 카테킨 다이어트 녹차추출물 카태킨
2384273782,체지방 감소 카테킨 녹차 다이어트 녹차추출물 2통
2384273567,녹차 카테킨 다이어트 녹차추출물 체지방컷팅 3통
2384273260,식후 그린 카테킨 다이어트 카태킨 체지방 영양제
2384273030,식후 그린 카테킨 카태킨 추출물 다이어트 영양제 2통
2384272818,그린 그린티 카테킨 카태킨 다이어트 영양제 3통
2384271754,테아닌 l테아닌 태아닌 긴장완화 스트레스 영양제
2384271549,테아닌 태아닌 l테아닌 스트레스 해소 긴장푸는법 2통
2384271367,긴장완화 스트레스 보조제 영양제 테아닌 태아닌 3통
2384270907,속편한 중성화 버퍼드 메가도스 비타민c 중성비타민c
2384270697,고함량 속편한 메가도스 중성 중성화 비타민c 2통
2384269728,메가 항산화 속편한 중성 비타민c 메가도스 캡슐 3통
2384269489,버퍼드 항산화 중성 중성화 비타민c 메가도스 1000
2384269254,면역 메가 속편한 중성 중성화 비타민c 메가도스 2통
2384268988,항산화 면역 속편한 중성 메가 비타민c 메가도스 3통
2384268601,100% 국산 강황 울금 커뮤민 율금 가루 분말 파우더
2384268420,국산 커큐민 강황 울금 율금 울금강황 문말 가루 2통
2384268152,국산 100% 순수 울금 율금 강황 커큐민 가루 분말 3통
2384267953,순수 100% 강황 울금 율금 커큐민 가루 분말 파우더
2384267614,울금강황 울금 율금 강황 커큐민 150 분말 가루 2통
2384267506,국산 100% 울금 율금 강황 커큐민 분말 가루 3통
2384267281,국산 100% 강황 울금 율금 울금강황 환 홈쇼핑 2통
2384267117,국산 100% 순수 커큐민 울금강황 강황 율금 울금 환
2384266597,국산 강황 울금 율금 울금강황 환 고함량 엑기스 3통
2384266371,국산 100% 순수 커큐민 울금강황 강황 율금 울금 환
2384266103,국산 100% 강황 울금 율금 울금강황 환 홈쇼핑 2통
2384265878,국산 강황 울금 율금 울금강황 환 고함량 엑기스 3통
2383281348,식물성 대마종자유 햄프씨드 대마 씨 종자 유 오일
2383280968,햄프씨드 오일 대마종자유 오메가3 오메가6 캡슐 2통
2383280447,대마종자유 햄프씨드 오일 대마 종자 유 3통 식물성
2383279834,식물성 대마종자유 햄프씨드 대마 씨 종자 유 오일
2383279568,햄프씨드 오일 대마종자유 오메가3 오메가6 캡슐 2통
2383279176,대마종자유 햄프씨드 오일 대마 종자 유 3통 식물성
2383278872,대마종자유 햄프씨드 오일 캐나다 산 오메가6 캡슐
2383278521,햄프씨드 오일 대마종자유 오메가6 대마 씨 유 2통
2383278141,캐나다 산 대마종자유 햄프씨드 오일 오메가6 3통
2383277844,냉 압착 대마종자유 햄프씨드 오일 캐나다 산 캡슐
2383277419,엑스트라 버진 대마종자유 햄프씨드 오일 캡슐 2통
2383277070,식물성 캐나다 산 대마종자유 햄프씨드 오일 캡슐 3통
2383276593,식물성 대마종자유 햄프씨드 오일 캐나다 산 1000mg
2383276254,대마종자유 햄프씨드 오일 오메가6 1000mg 캡슐 2통
2383275838,캐나다 산 대마종자유 햄프씨드 오일 대마 씨 유 3통
2383275504,프리미엄 대마종자유 햄프씨드 오일 대마 종자 기름
2383275104,캐나다 프리미엄 대마종자유 햄프씨드 오일 캡슐 2통
2383274792,압착 식물성 대마종자유 햄프씨드 오일 추출 캡슐 3통
2383273263,cla 다이어트 공액리놀렌산 공액리놀레산 체지방감소
2383272730,cla 다이어트 공액리놀레산 공액리놀렌산 캡슐 2통
2383272433,여자 공액리놀레산 cla 다이어트 체지방 감소 3통
2383272152,cla 다이어트 공액리놀렌산 공액리놀레산 체지방감소
2383271753,cla 다이어트 공액리놀레산 공액리놀렌산 캡슐 2통
2383271419,여자 공액리놀레산 cla 다이어트 체지방 감소 3통
2383270746,식약처인증 유기농 100% 비오틴 영양제 바이오틴 캡슐
2383270381,비타민B7 유기농 100% 비오틴 바이오틴 영양제 2통
2383269939,식약처인증 유기농 비오틴 바이오틴 비타민b7 3통
2383269580,식약처인증 유기농 100% 비오틴 500 영양제 바이오틴
2383269298,식약처인증 유기농 100% 비오틴 바이오틴 단백질 2통
2383269044,유기농 100% 비오틴 바이오틴 비타민b7 단백질 3통
2383268602,고함량 성인 유기농 비타민d 비타민디 4000iu 영양제
2383268364,식약처인증 성인 유기농 비타민d 비타민디 영양제 2통
2383268040,식약처인증 유기농 비타민d 비타민디 4000iu 캡슐 3통
2383267726,식약처인증 유기농 비타민d 비타민디 영양제 캡슐
2383267407,식약처인증 여성 유기농 비타민d 비타민디 캡슐 2통
2383267015,식약처인증 여성 유기농 성인 비타민d 비타민디 3통
2383266032,고용량 고함량 영국산 메가도스 비타민c 비타민씨
2383265675,고함량 영국산 메가도스 메가 비타민c 비타민씨 2통
2383265382,고함량 메가 메가도스 순수 비타민c 비타민씨 3통
2383265084,100% 순수 고함량 메가 메가도스 비타민c 비타민씨
2383264735,영국산 항산화 메가 메가도스 비타민씨 비타민c 2통
2383264280,영국산 메가 메가도스 비타민씨 비타민c 고용량 3통
2383263718,해조 어골 칼슘 마그네슘 비타민d 칼마디 pga 뼈 건강
2383263361,뼈 건강 pga 피지에이 어골 칼슘 아연 비타민d 2통
2383262968,pga 피지에이 칼마디 어골 칼슘 아연 비타민d 3통 제
2383262613,식약처인증 pga 피지에이 어골 칼슘 마그네슘 비타민d
2383262254,노인 칼마디 pga 피지에이 칼슘 마그네슘 비타민d 2통
2383261929,pga 피지에이 칼마디 어골 칼슘 마그네슘 비타민d 3통
2382770295,활성 비타민b 고농축 고함량 비타민 b 비 비군 b2 b군
2382769786,활성 비타민b 비타민 b 비 비군 b군 100 b2 b3 2통 b6
2382769411,고농축 고함량 활성 비타민b 비 비군 b군 b6 b12 3통
2382768714,비타민b 비타민 비 b군 비군 b1 b2 b6 b12 컴플렉스
2382768418,고농축 비타민b 비타민 비군 b1 b2 b6 컴플렉스 2통
2382767829,고농축 고함량 비타민b 비타민 비군 비 b2 영양제 3통
2382767596,캐나다 성인 비타민b 비타민 비군 비 나이아신 영양제
2382766957,캐나다 비타민b 비타민 비군 비 b1 판토텐산 b2 2통
2382766581,고함량 고농축 비타민b 비타민 비군 비 판토텐산 3통
2382766091,고농축 비타민b 비타민 비군 비 b1 b2 b6 분말 가루
2382766039,비타민b 비타민 비 비군 영양제 가루 분말 스틱 2통
2382765182,비타민b 비타민 비 비군 b2 b12 분말 가루 스틱 3통
2382764720,고함량 고농축 비타민b 비타민 비군 분말 가루 스틱
2382764407,고농축 비타민b 비타민 비 비군 컴플렉스 분말 2통
2382763818,비타민b 비타민 비군 비 컴플렉스 영양제 분말 3통 b9
2382763043,캐나다 포스파티딜콜린 레시틴 대두레시틴 인지질 hdl
2382762528,레시틴 포스파티딜콜린 hld ldl 콜레스테롤 캡슐 2통
2382762071,레시틴 대두레시틴 포스파티딜콜린 인지질 캡슐 3통
2382758406,캐나다 100% 레시틴 대두레시틴 콜레스테롤 인지질
2382757964,콜레스테롤 레시틴 대두레시틴 포스파티딜콜린 2통
2382757445,캐나다 100% 레시틴 대두레시틴 포스파티딜콜린 3통
2382756852,캐나다 식물성 레시틴 대두레시틴 포스파티딜세린
2382756404,캐나다 100% 식물성 레시틴 포스파티딜콜린 캡슐 2통
2382755998,100% 식물성 레시틴 대두레시틴 포스파티딜콜린 3통
2382754774,100억 유산균 생유산균 멀티 프로바이오틱스 캡슐
2382754369,여성 캡슐 100억 유산균 생유산균 프로바이오틱스 2통
2382753880,100억 유산균 생유산균 장 프로바이오틱스 캡슐 3통
2382753592,캡슐 100억 유산균 생유산균 락토바실러스 람노서스
2382752833,캡슐 100억 유산균 락토바실러스 람노스 영양제 2통
2382752332,캡슐 100억 유산균 생유산균 여성 프로바이오틱스 3통
2382751636,100억 유산균 생유산균 프로바이오틱스 분말 스틱
2382751042,100억 유산균 람노서스 프로바이오틱스 분말 가루 2통
2382750397,100억 유산균 생유산균 장건강 분말 가루 파우더 3통
2382749761,100억 유산균 프로바이오틱스 락토바실러스 분말 가루
2382749338,100억 유산균 프로바이오틱스 람노서스 가루 분말 2통
2382748939,100억 유산균 프로바이오틱스 락토바실러스 분말 3통
2382748014,퀼리고트 산양유 단백질 프로틴 mbp 유산균 분말 2통
2382747950,네덜란드 퀼리고트 산양유 단백질 프로틴 유산균 분말
2382747237,퀼리고트 산양유 단백질 프로틴 유산균 mbp 분말 3통
2382746454,네덜란드 산양유 단백질 프로틴 유청단백질 유산균
2382745382,산양유 단백질 프로틴 유청단백질 유산균 분말 2통
2382744823,산양유 단백질 분리유청 프로틴 유산균 분말 스틱 3통
2378182639,체지방 감소 물에 타먹는 다이어트 가르시니아 영양제
2377474747,국산 양배추 즙 분말 가루 파우더 추출분말 설포라판
2377474576,국산 양배추 추출분말 가루 분말 파우더 2통 엑기스
2377474444,국산 양배추 분말 가루 파우더 추출분말 엑기스 3통
2377474142,국산 설포라판 양배추 추출 분말 정 환 캡슐 양배추정
2377473976,국산 양배추정 양배추 정 환 캡슐 분말 추출분말 2통
2377473780,국산 양배추정 양배추 추출분말 정 캡슐 설포라판 3통
2377473641,국산 100% 위양배추 양배추 추출 분말 정 환 설포라판
2377473476,국산 100% 양배추 위양배추 추출 분말 환 정 2통 노인
2377473269,100% 국산 위양배추 양배추 추출 분말 정 환 3통 노인
2377473057,국내산 위 애 양배추환 양배추 분말 환 정
2377472838,국내산 위 애 양배추 분말 환 양배추환 2통 cabbage
2377472679,국내산 위 애 양배추 양배추환 추출 분말 환 정
2377472187,물에 타먹는 다이어트 발포 가르시니아 음료 물 hca
2377471958,발포 비타민 물에 타먹는 다이어트 가르시니아 2통
2377471694,물에 타먹는 다이어트 가르시니아 다이어트물 3통 hca
2377471227,발포 비타민 물에 타먹는 다이어트 가르시니아 2통
2377471098,물에 타먹는 다이어트 가르시니아 컷팅제 보조제 3통
2377470572,여성 종합비타민 여자 멀티 비타민 종합영양제 미네랄
2377470375,여성 여자 멀티비타민 종합영양제 비타민 미네랄 2통
2377470182,여성 종합비타민 여자 멀티 비타민 종합영양제 3통
2377469797,여성 여자 우먼 면역 종합비타민 멀티 비타민 미네랄
2377469567,여성 여자 포우먼 엄마 종합비타민 멀티 비타민 2통
2377469341,여성 여자 우먼 엄마 종합비타민 멀티 비타민 3통 제
2377469177,여성 여자 우먼 멀티비타민 종합 비타민 면역 영양제
2377469018,캐나다 여성 여자 종합비타민 멀티 비타민 면역 2통
2377468825,여성 여자 종합비타민 멀티 비타민 면역 미네랄 3통
2377468593,미국 종합비타민 멀티 비타민 제 미네랄 필수 영양제
2377468351,종합비타민 멀티 비타민 제 하루 필수 영양제 2통
2377468044,미국 산 종합비타민 멀티 비타민 종합 영양제 3통
2377467760,캐나다 고함량 종합비타민 멀티 비타민 종합 영양제
2377467415,고용량 종합비타민 멀티 면역 필수 비타민 미네랄 2통
2377467120,캐나다 종합비타민 면역 하루 멀티 비타민 제 3통
2377466456,캐나다 종합비타민 고함량 멀티 비타민 제 영양제
2377466185,종합비타민 필수 면역 멀티 비타민 제 고용량 2통
2377465965,캐나다 종합비타민 고함량 멀티 비타민 제 영양제 3통
2377465711,캐나다 멀티비타민 면역 필수 종합 비타민 제 미네랄
2377465377,고함량 멀티비타민 종합 비타민 제 미네랄 영양제 2통
2377464999,멀티비타민 종합 면역 비타민 제 미네랄 영양제 3통
2377464701,캐나다 대용량 종합비타민 멀티 면역 비타민 영양제
2377464481,대용량 종합비타민 면역 필수 멀티 비타민 제 2통
2377464263,캐나다 대용량 종합비타민 고함량 멀티 비타민 3통
2377464034,캐나다 대용량 고함량 멀티비타민 면역 종합 비타민
2377463809,캐나다 대용량 고함량 멀티비타민 종합 비타민 2통
2377463631,멀티비타민 면역 필수 하루 종합 비타민 영양제 3통
2377463123,관절살리도 옵티 opti msm 엠에스엠 관절 연골 영양제
2377462914,관절살리도 옵티 opti 엠에스엠 msm 무릎 영양제 2통
2377462661,관절살리도 옵티 opti 엠에스엠 관절 연골 msm 3통
2377462418,관절살리도 opti 옵티 msm 엠에스엠 관절 연골 영양제
2377462188,관절살리도 opti 옵티 msm 엠에스엠 무릎 관절 2통
2377461956,관절살리도 opti 옵티 msm 엠에스엠 손가락 연골 3통
2377461753,관절살리도 100% opti 옵티 msm 엠에스엠 관절 영양제
2377461526,100% 관절살리도 opti 옵티 msm 엠에스엠 관절 2통
2377461303,관절살리도 opti 옵티 msm 엠에스엠 무릎 손가락 3통
2377461099,대용량 관절살리도 opti msm 엠에스엠 손가락 영양제
2377460902,관절 연골 관절살리도 opti 옵티 msm 엠에스엠 2통
2377460707,관절살리도 opti 옵티 msm 엠에스엠 관절 연골 3통
2375237630,에버핏 저분자 피쉬 콜라겐 펩타이드 캡슐 정 달톤
2375237451,저분자 피쉬 콜라겐 달톤 캡슐 정 펩타이드 2통
2375237341,저분자 피쉬 콜라겐 펩타이드 캡슐 정 150 3통
2375237251,레몬맛 저분지 피쉬 콜라겐 비타민c 스틱 분말 가루
2375237032,저분자 비타민c 콜라겐 펩타이드 분말 가루 스틱 2통
2375236914,저분자 피쉬 콜라겐 스틱 분말 가루 비타민c 3통
2375236720,저분자 피쉬 피시 어류 어린 콜라겐 정 캡슐 타블렛
2375236491,저분자 어린 어류 피쉬 콜라겐 히알루론산 캡슐 2통
2375236357,저분자 피쉬 콜라겐 펩타이드 캡슐 정 타블렛 3통
2375236086,저분자 피쉬 콜라겐 펩타이드 히알루론산 캡슐 켑슐
2375235948,저분자 어류 어린 먹는콜라겐 콜라겐 히알루론산 2통
2375235717,여성 여자 저분자 콜라겐 펩타이드 히알루론산 3통
2375235482,복합 루테인 알티지 rtg 오메가3 루테인오메가3 캡슐
2375235028,복합 루테인 알티지 rtg 오메가3 루테인오메가3 캡슐
2375234860,복합 루테인 알티지 rtg 오메가3 루테인오메가3 캡슐
2375234346,위건강 간건강 밀크씨슬 감초 추출물 캡슐 영양제
2375234161,위건강 간겅강 실리마린 감초추출물 캡슐 피로 2통
2375233842,간건강 위건강 실리마린 밀크씨슬 감초 추출물 3통
2375233318,50억 프롤린 유산균 장건강 프로바이오틱스 캡슐 정
2375233055,프롤린 50억 프로바이오틱스 생유산균 캡슐 정 2통
2375232901,캐나다 프롤린 50억 장건강 유산균 캡슐 정 여자 3통
2375232599,캐나다 50억 캡슐 프롤린 유산균 프로바이오틱스 정
2375232325,캐나다 50억 프롤린 장건강 유산균 코팅 캡슐 정 2통
2375232072,캐나다 생유산균 50억 프롤린 유산균 캡슐 정 3통
2375231697,미국 눈건강 눈영양양제 루테인 젤리 꾸미 구미 캔디
2375231522,미국 눈건강 루테인 루테인젤리 구미 꾸미 캔디 2통
2375231402,미국 루테인 루테인젤리 구미 꾸미 캔디 간식 3통 눈
2375231008,눈건강 루테인꾸미 루테인 젤리 꾸미 구미 양양제
2375230873,루테인 젤리 꾸미 구미 캔디 눈영양제 눈건강 2통
2375230593,루테인 꾸미 구미 젤리 루테인꾸미 눈건강 영양제 3통
2375230336,네덜란드 산양유 단백질 프로틴 락토페린 캡슐 정
2375230124,씹어먹는 산양유 프로틴 락토페린 mbp 캡슐 정 3통
2375230102,씹어먹는 츄어블 산양유 프로틴 단백질 캡슐 정 2통
2375229483,네덜란드 산양유 mbp 엠비피 wpi 분리유청 캡슐 정
2375229263,네덜란드 산양유 단백질 프로틴 mbp 엠비피 캡슐 2통
2375229028,네덜란드 산양유 프로틴 락토페린 엠비피 캡슐 3통
2375228885,100% 클로로필 새싹보리 착즙 분말 가루 파우더 스틱
2375228509,100% 새싹보리 착즙 분말 가루 스틱 폴리코사놀 2통
2375228248,100% 새싹보리 착즙 분말 가루 스틱 클로로필 3통
2375227952,100% 새싹보리 착즙 분말 캡슐 정 타블렛 클로로필
2375227738,100% 새싹보리 분말 폴리코사놀 클로로필 정 캡슐 2통
2375227517,100% 새싹보리 착즙 분말 정 캡슐 켑슐 클로로필 3통
2375227138,국내산 국산 100% 여주 차 여주티백 물 홈쇼핑 노인
2375227048,100% 국산 국내산 여주 차 여주티백 티백 물 2통 여성
2375226753,국산 국내산 여주 차 물 티백 여주티백 홈쇼핑 3통
2375226570,100% 국내산 여주 차 티백 여주티백 60 추출물 물
2375226470,100% 국내산 국산 여주 차 티백 물 여주티백 2통 60
2375226184,국내산 국산 여주 여주티백 물 추출물 60 3통 홈쇼핑
2375224016,국산 국내산 여주 분말 가루 파우더 여주분말 추출물
2375223822,국산 국내산 여주 분말 가루 파우더 여주분말 2통
2375223627,100% 국산 여주 분말 가루 파우더 여주엑기스 3통
2375162005,먹는히알루론산 히알루론산 하이루론산 콜라겐 영양제
2375161777,피부 속건조 히알루론산 콜라겐 피부장벽 영양제 2통
2375161514,먹는히알루론산 피부 속건조 히알루론산 영양제 3통
2375161085,피부 속건조 히알루론산 먹는히알루론산 콜라겐 분말
2375160751,히알루론산 먹는히알루론산 하이루론산 콜라겐 2통
2375160554,피부 속건조 히알루론산 먹는히알루론산 콜라겐 3통
2375160335,먹는히알루론산 히알루론산 하이루론산 콜라겐 스틱
2375160137,히알루론산 하이루론산 콜라겐 저분자 피부 분말 2통
2375159957,먹는히알루론산 하이루론산 히알루론산 저분자 3통
2375159604,저분자 비오틴 피쉬 콜라겐 비타민c 어린콜라겐 스틱
2375158748,저분자 비오틴 피쉬 콜라겐 비타민c 분말 스틱 2통
2375158523,먹는 피쉬 어류 비오틴 비타민c 저분자 콜라겐 3통
2375158355,먹는 저분자 비오틴 피쉬 콜라겐 비타민c 어린콜라겐
2375158062,저분자 어류 피쉬 콜라겐 어린콜라겐 스틱 분말 2통
2375157819,스틱 저분자 비타민c 먹는 콜라겐 어린콜라겐 3통
2375157571,저분자 피쉬 어류 어린 석류콜라겐 석류 젤리 콜라겐
2375157099,어류 어린 저분자 먹는 콜라겐 석류 석류콜라겐 2통
2375156861,마시는 저분자 어류 어린 피쉬 석류 콜라겐 젤리 3통
2375156686,저분자 피쉬 어류 어린 석류콜라겐 석류 젤리 콜라겐
2375156423,어류 어린 저분자 먹는 콜라겐 석류 석류콜라겐 2통
2375156112,마시는 저분자 어류 어린 피쉬 석류 콜라겐 젤리 3통
2375155907,저분자 어린 피쉬 콜라겐 젤리 꾸미 구미 펩타이드
2375155561,저분자 피쉬 어류 어린 콜라겐 젤리콜라겐 구미 2통
2375155472,저분자 피쉬 어류 젤리콜라겐 콜라겐 꾸미 구미 3통
2375154090,식약처인증 저분자 피쉬 기능성 콜라겐 펩타이드 스틱
2375153812,식약처인증 피쉬 어류 어린 기능성 콜라겐 영양제 2통
2375153778,식약처인증 어류 어린 피쉬 콜라겐 펩타이드 분말 3통
2375153306,저분자 피쉬 콜라겐 비오틴 비타민c 스틱 분말 가루
2375153077,저분자 피쉬 콜라겐 펩타이드 분말 가루 스틱 2통
2375152796,여성 여자 저분자 피쉬 콜라겐 펩타이드 분말 3통
2375152558,글루타치온 저분자 피쉬 콜라겐 비타민c 스틱 분말
2375152271,글루타치온 저분자 피쉬 콜라겐 펩타이드 스틱 2통
2375151924,글루타치온 글루타치온콜라겐 저분자 피쉬 콜라겐 3통
2375151593,저분자 어린콜라겐 피쉬 콜라겐 펩타이드 캡슐 정
2375151261,저분자 피쉬 어린 콜라겐 어린콜라겐 캡슐 켑슐 2통
2375150928,저분자 어류 어린 콜라겐 어린콜라겐 캡슐 켑슐 3통
2375150585,초 저분자 피쉬 어류 어린 콜라겐 캡슐 정 비타민c
2375150303,대용량 저분자 피쉬 어류 어린 콜라겐 캡슐 정 2통
2375149948,초 저분자 피쉬 어류 어린 콜라겐 비타민c 캡슐 3통
2375149754,100% 저분자 피쉬 어류 어린 콜라겐 펩타이드 분말
2375149321,저분자 피쉬 어류 100% 콜라겐 펩타이드 가루 2통
2375149147,100% 분말 피쉬 어류 어린 콜라겐 펩타이드 분말 3통
2375148623,초 저분자 100% 순수 피쉬 어류 어린 콜라겐 가루
2375148365,100% 피쉬 어류 어린 콜라겐 가루 분말 파우더 2통
2375148058,여성 초 저분자 피쉬 어류 어린 콜라겐 분말 가루 3통
2368960668,체지방 다이어트 가르시니아 가르니시아 보조제 가루
2368960370,체지방 다이어트 가르시니아 가르니시아 2통 파우더
2368959859,가르시니아 가르니시아 체지방 다이어트 분말 3통
2368959450,체지방 감소 다이어트 가르시니아 hca 분말 파우더
2368959007,다이어트 보조제 컷팅제 식품 가르시니아 분말 2통
2368958590,다이어트 영양제 가르시니아 영양제 보조제 뱃살 3통
2368957734,100% msm 엠에스엠 식이유황 무릎 연골 영양제 분말
2368957136,무릎 관절 연골 영양제 msm 엠에스엠 분말 가루 2통
2368956592,100% msm 엠에스엠 관절 무릎 영양제 분말 가루 3통
2368956022,식이유황 msm 엠에스엠 분말 가루 파우더 관절 연골
2368954801,관절 연골 msm 엠에스엠 영양제 분말 가루 미국 2통
2368953685,100% msm 엠에스엠 관절 연골 영양제 분말 가루 3통
2368950725,어골칼슘 칼마디아 pga 피지에이 칼마디 영양제 캡슐
2368950205,pga 칼슘 마그네슘 비타민d 아연 칼마디 어골칼슘 2통
2368949740,어골칼슘 칼슘 제 pga 칼마디아 뼈 건강 영양제 3통
2368949217,어골칼슘 폴리감마글루탐산 pga 피지에이 칼슘 영양제
2368948730,폴리감마글루탐산 pga 어골칼슘 칼슘 칼마디아 2통
2368948288,뼈 건강 어골칼슘 칼슘 제 폴리감마글루탐산 pga 3통
2368947666,유기농 비건 밀크씨슬 밀크시슬 피로 간 건강 영양제
2368947252,비건 유기농 밀크씨슬 밀크시슬 실리마린 영양제 2통
2368946898,유기농 밀크씨슬 밀크시슬 실리마린 시리마린 3통 제
2368946277,활성형 비타민d 5000iu 성인 비타민d3 노인 영양제
2368945900,식약처인증 활성형 비타민d 비타민d3 캡슐 중년 2통
2368945374,캐나다 비타민d 비타민d3 5000iu 성인 캡슐 중년 3통
2368944703,유기농 엽산 엽산제 임산부 임신준비 영양제 출산후
2368944350,유기농 엽산 산모 임산부 식약처인증 영양제 2통 비건
2368943879,비건 유기농 엽산 600 임산부 임신주비 출산후 3통
2368940105,10억 김치유산균 프로바이오틱스 유산균 장 건강 김치
2368939758,식약처인증 10억 김치유산균 프로바이오틱스 유산균
2368939425,장 건강 김치유산균 유산균 김치 10억 3통 장 건강
2368939231,장 건강 김치유산균 김치 10억 프로바이오틱스 스틱
2368938527,김치 김치유산균 10억 프리바이오틱스 여성 스틱 2통
2368938109,프로바이오틱스 김치유산균 10억 유산균 김치 3통
2368937279,다이어트유산균 유산균 다이어트 체지방 감소 영양제
2368936880,다이어트유산균 유산균 다이어트 체지방 감소 2통
2368936492,다이어트유산균 유산균 다이어트 보조제 컷팅제 3통
2368934385,다이어트유산균 유산균 다이어트 보조제 가르시니아
2368933899,유산균 다이어트 가르시니아 체지방 감소 영양제 2통
2368933508,가르시니아 유산균 다이어트 다이어트유산균 hca 3통
2368932857,산양유 락토페린 단백질 프로틴 bcaa 엠비피 캡슐 정
2368932351,네덜란드 산양유 프로틴 단백질 bcaa mbp 캡슐 2통
2368931812,산양유 락토페린 bcaa 프로틴 단백질 엠비피 캡슐 3통
2368931039,그리스산 메스틱검 메스틱 추출물 분말 정 캡슐 직구
2368930697,메스틱검 메스틱 분말 캡슐 홈쇼핑 중년 여자 2통 환
2368930345,그리스산 캡슐 메스틱 메스틱검 추출물 환 홈쇼핑 3통
2368929724,콘드로이친 콘드로이틴 상어연골 청상어 분말 캡슐 정
2368929321,콘드로이친 곤드로이친 콘로이친 콘드로이틴 캡슐 2통
2368928845,상어연골 콘드로이친 콘드로이틴 추출물 정 캡슐 3통
2368927998,인도 보스웰리아 보수웰리아 보스웰릭산 보스웰니아
2368927380,인도 보스웰니아 보스웰리아 보스엘리아 보스웰릭산
2368926877,보스웰리아 보스엘니아 보수엘리아 보스웰릭산 3통
2354197132,높은 혈압 코큐텐 코큐탠 coq10 항산화 혈행 코큐10
2354196468,코큐텐 코큐탠 고큐텐 코엔자임큐텐 coq10 큐텐 2통
2354195942,항산화 코큐텐 코큐탠 코엔자임큐텐 coq10 홈쇼핑 3통
2354195525,캐나다 높은 혈압 항산화 coq10 큐텐 코큐텐 홈쇼핑
2354195039,캐나다 유비퀴놀 항산화 혈행 큐텐 코큐텐 코큐탠 2통
2354194949,캐나다 코큐텐 코큐탠 coq10 고큐텐 코엔자임큐텐 3통
2354194533,캐나다 항산화 높은 혈압 코큐텐 코큐탠 큐10 고큐텐
2354194331,캐나다 항산화 높은 혈압 q10 코엔자임큐텐 큐10 2통
2354194035,캐나다 항산화 코큐텐 코큐탠 큐텐 q10 코엔자임 직구
2354194025,캐나다 혈행 개선 높은 혈압 코큐텐 고큐텐 큐텐 3통
2354193444,항산화 높은혈압 코큐텐 코큐탠 코엔자임 큐10 2통
2354193211,캐나다 코큐텐 코큐탠 큐텐 큐탠 코엔자임큐텐 3통
2354192975,높은 혈압 항산화 코엔자임 큐텐 코큐텐 q10 플러스
2354192722,항산화 높은 혈압 코엔자임q10 코엔자임큐텐 q10 2통
2354192416,항산화 높은 혈압 코엔자임 코엔자임q10 코큐텐 3통
2354191495,모유 락토페린 락토패린 단백질 보충제 mbp 엠비피
2354190924,모유 락토페린 초유 프로틴 단백질 보충제 mbp 2통
2354190745,wpc wpi mbp 엠비피 초유 모유 락토페린 락토패린 3통
2354190427,락토페린 락토패린 단백질 프로틴 엠비피 분말 파우더
2354190143,락토페린 락토패린 wpc wpi mbp 분말 가루 파우더 2통
2354189995,단백질 엠비피 락토페린 락토패린 분말 파우더 3통
2354189346,fos 프락토올리고당 프리바이오틱스 에프오엑스 아연
2354189081,면역 프리바이오틱스 프락토올리고당 fos 스틱 2통
2354188865,fos 프락토올리고당 프리바이오틱스 아연 스틱 3통
2354188587,면역 아연 장건강 프리바이오틱스 프락토올리고당 포
2354188240,프리바이오틱스 프락토올리고당 장건강 면역 아연 2통
2354188045,아연 면역력 프락토올리고당 프리바이오틱스 면역 3통
2354187160,남성 성인 츄어블 멀티비타민 종합비타민 여자 여성
2354186954,맛있는 츄어블 씹어먹는 멀티비타민 종합비타민 2통
2354186634,츄어블 씹어먹는 맛있는 멀티비타민 종합비타민 3통
2354186211,초등유아 키즈 어린이 비타민d 칼슘 젤리 구미 꾸미
2354185983,유아 어린이 츄어블 키즈 비타민d 칼슘 젤리 구미 2통
2354185668,츄어블 키즈 유아 비타민d 칼슘 젤리 구미 꾸미 3통
2354185272,키즈 어린이 츄어블 씹어먹는 멀티비타민 종합비타민
2354184885,유아 어린이 키즈 츄어블 멀티비타민 종합비타민 2통
2354184545,어린이 유아 키즈 성장기 종합비타민 멀티비타민 3통
2354184293,미국 츄어블 키즈 유아 어린이 멀티비타민 종합비타민
2354183904,미국 키즈 어린이 유아 멀티비타민 종합비타민 2통
2354183618,츄어블 어린이 유아 키즈 멀티비타민 종합비타민 3통
2354183339,캐나다 어린이 츄어블 비타민d 칼슘 젤리 구미 꾸미
2354182959,유아 어린이 츄어블 비타민d 칼슘 제 구미 꾸미 2통
2354182695,캐나다 츄어블 비타민d 칼슘 젤리 꾸미 구미 젤리 3통
2351582748,캐나다 msm 엠에스엠 식이유황 무릅 관절 무릎 영양제
2351582561,식약처인증 캐나다 joint msm 엠에스엠 관절 무릎 2통
2351582357,엠에스엠 msm 캐나다 무릎 무릅 관절 연골 영양제 3통
2351582151,미국 관절 연골 무릎 뼈건강 msm 엠에스엠 글루코사민
2351581935,식약처인증 미국 msm 엠에스엠 글루코사민 관절 2통
2351581749,미국 글루코사민 msm 엠에스엠 무릎 연골 관절 3통 뼈
2351581524,식약처인증 관절 연골 무릎 손가락 엠에스엠 msm 100%
2351581327,관절 연골 무릎 무릅 손가락 엠에스엠 msm 100% 2통
2351581093,식약처인증 100% 엠에스엠 msm 관절 연골 영양제 3통
2351580866,미국 산 관절 연골 무릎 무릅 msm 엠에스엠 1500 캡슐
2351580697,미국 엠에스엠 msm 1500 뼈건강 관절 연골 영양제 2통
2351580454,미국 관절 연골 뼈건강 영양제 msm 엠에스엠 직구 3통
2351580226,미국 엠에스엠 msm nag 글루코사민 아세틸글루코사민
2351580008,미국 관절 연골 msm 엠에스엠 글루코사민 nag 2통 msn
